{"gtemp": {"offset": 21.892719725589476, "slope": 0.8899545931264473}, "gx": {"t": -0.021586792358359117}, "gy": {"t": -0.0203030523388205}, "gz": {"t": -0.005832454539831707}, "ax": {"offset": 0.03764483705436618, "slope": 1.0204326389190117}, "ay": {"offset": 0.0039877343303261386, "slope": 1.0226724431288945}, "az": {"offset": -0.0007502589765589077, "slope": 0.9919678740205724}, "magx": {"offset": 499.22560443025856, "slope": 0.0007412584688954383}, "magy": {"offset": 406.10800404767446, "slope": 0.0007262674736975195}, "magz": {"offset": 254.62126909439348, "slope": 0.0007475625049912927}}