{"gtemp": {"offset": 21.892719725589476, "scale": 0.8899545931264473}, "gx": {"offset": 2.336}, "gy": {"offset": 2.351}, "gz": {"offset": -0.221}, "ax": {"offset": 0.035378469830884045, "scale": 10.01711296392382}, "ay": {"offset": -0.010919070720751357, "scale": 9.854182783125843}, "az": {"offset": -0.0060115734257293755, "scale": 9.569241972040562}, "magx": {"offset": 5.366870287924152, "scale": 0.016582142355231737}, "magy": {"offset": 0.006721965124168969, "scale": 0.017311197233859283}, "magz": {"offset": 1.995942680175688, "scale": 0.015840111362090927}}
