{"gtemp": {"offset": 21.892719725589476, "scale": 0.8899545931264473}, "gx": {"tempOffset": -0.021586792358359117, "offset": 2.0293925221537843}, "gy": {"tempOffset": -0.0203030523388205, "offset": 2.0367279043462965}, "gz": {"tempOffset": -0.005832454539831707, "offset": -0.2910172807975372}, "ax": {"offset": 0.03764483705436618, "scale": 9.89667167880515}, "ay": {"offset": 0.0039877343303261386, "scale": 9.91839443251234}, "az": {"offset": -0.0007502589765589077, "scale": 9.620605996593481}, "magx": {"offset": 499.22560443025856, "scale": 0.00033468981790177587}, "magy": {"offset": 406.10800404767446, "scale": 0.00032792114858669303}, "magz": {"offset": 254.62126909439348, "scale": 0.0003375361890145562}}